"","CSDL","PPSEN","EM.FL","FL.SH","FL.SD","SD.PM","FL.LF","LFMAX","SLAVR","SIZLF","XFRT","WTPSD","SFDUR","SDPDV","PODUR","THRSH","SDPRO","SDLIP"
"Minimum",12.22961,0.3132083,23.07567,10,11.76321,32.49531,18,1,300,137,1,0.153,17,1.7,10,78,0.4,0.2
"Maximum",12.22961,0.3132083,23.07567,10,11.76321,32.49531,18,1.4,400,230,1,0.195,25.5,2.44,10,78,0.4,0.2
"PlotStart",0,0,0,0,0,0,0,0,0,0,0,0,0,0,0,0,0,0
"PlotEnd",20,0.5,30,20,30,40,20,2,500,400,2,0.2,30,3,20,100,1,1
"PlotStep",2,0.025,1.5,1,1.5,2,1,0.1,25,20,0.1,0.01,1.5,0.15,1,5,0.05,0.05
"Flag",1,1,1,0,1,1,0,2,2,2,0,2,2,2,0,0,0,0
